acquisition_channel,repeat_customers,avg_days_first_to_second_order
direct,5491,502.33090511746497
email_campaign,8139,518.8944587787197
organic_search,20316,515.4099724355189
paid_search,13503,522.4724875953492
referral,6816,527.6960093896714
social_media,13623,514.6539675548704
