target,valid_year,MAE,RMSE,R2
Revenue,2021,605329.7271929461,856522.5390596502,0.7278442098983033
Revenue,2022,653571.384245754,897686.6683629641,0.7123679470591094
COGS,2021,547648.1139959412,767082.6368806284,0.7138384928620833
COGS,2022,513120.7167653559,698069.5752457576,0.770942548296004
