unit_bucket,orders,avg_order_net_value,total_net_revenue
1,72900,5483.271456241427,399730489.16
2-3,148183,13532.546938312762,2005293402.96
4-5,152372,24025.343590029664,3660789653.5
6-10,251157,35678.33797238381,8960864330.13
11+,22333,29292.58897953701,654191389.68
