stage,target,model,MAE,RMSE,R2,bias_pred_minus_true,MAE_1_180,MAE_181_365,MAE_366_548,holdout_MAE,holdout_RMSE,holdout_bias,submission_rank
tune,Revenue,pass_2_hybrid_regime_lgbm,1258905.7490402327,1679405.922587679,-0.03402563296540425,152353.73763204794,776977.9125989351,1611081.9972555293,1376907.9601856086,728067.5819190905,969002.7081427508,377607.6460788489,1
tune,Revenue,pass_1_trend_hinge,1283137.1884672374,1743312.8470291644,-0.08961369188473896,54133.87252588306,976926.8122403029,1613751.152082477,1250100.491483788,857665.6169383683,1199422.0406280803,82913.50827860074,2
