stage,target,model,MAE,RMSE,R2,bias_pred_minus_true,MAE_1_180,MAE_181_365,MAE_366_548,holdout_MAE,holdout_RMSE,holdout_bias,submission_rank
tune,Revenue,pass_2_hybrid_regime_lgbm,879084.5648175132,1239644.2832000412,0.2989012517593146,-527989.3127321667,642884.2447342355,1092538.073277953,895626.4148164674,657830.1632309776,905140.3951035294,70593.04039277686,1
tune,Revenue,pass_2_hybrid_regime_lgbm_calibrated,909421.4628163563,1294281.2208553648,0.25431930196169855,-480746.1634968836,642884.2447342355,1126469.2901657196,952169.2835548784,748840.8572275069,1069051.208069501,212322.4880986265,2
