stage,target,model,MAE,RMSE,R2,bias_pred_minus_true,MAE_1_180,MAE_181_365,MAE_366_548,holdout_MAE,holdout_RMSE,holdout_bias,submission_rank
tune,Revenue,pass_2_hybrid_regime_lgbm,1073480.6612711987,1431821.5628489414,0.22104659279209893,323865.111754235,849085.7339661145,1392534.9613372684,971655.750903397,637477.6590878551,898048.3837008228,-83591.71391185132,1
tune,Revenue,direct_ridge_seasonal_delta,1089166.468307575,1553193.4545602414,0.10594438312506144,85553.01889773028,950730.9737790617,1275505.045694209,1036957.4639283678,980762.6578908345,1505867.6845952435,578705.9320030853,2
