model,mae_all,mae_1_30,mae_31_90,mae_91_180,mae_181_365
seasonal_naive_365,775117.2576643835,611878.604,913183.4181666666,770882.08925,758870.5286756757
pass_2_hybrid_lgbm,801168.6215247764,361829.20179812796,823431.5170535127,823739.7267691756,854211.9155143946
pass_1_trend_fourier,1242899.2211470744,715099.5897666368,1210491.6763925175,1392360.5160988565,1266288.0053688372
