stage,MAE,RMSE,bias_pred_minus_true,underpredict_rate,MAE_1_30,MAE_31_90,MAE_91_180,MAE_181_365,MAE_366_548
holdout,637477.6590878551,898048.3837008228,-83591.71391185132,0.5346715328467153,577124.2580955186,924081.9339268458,369028.424625064,777449.285251148,543925.8875079243
tune,1073480.6612711987,1431821.5628489412,323865.11175423494,0.4251824817518248,755149.9754878206,1288650.938402704,587354.1838344858,1392534.9613372684,971655.750903397
