device_type,gross_revenue,total_discount_amount,discount_rate_pct
desktop,6564851358.96,299810021.38,4.566897329225984
mobile,7403120332.41,336331569.25,4.543105530482593
tablet,2462504894.16,113465729.47,4.607736201422048
